8017,clientInsert
8016,clientInsert
8015,clientInsert
8014,clientInsert
8013,clientInsert
8012,clientInsert
8011,clientInsert
8010,clientInsert
8009,clientInsert
8008,clientInsert
8007,clientInsert
8006,clientInsert
8005,clientInsert
8004,clientInsert
8003,clientInsert
8002,clientInsert
8001,clientInsert
8000,clientInsert
7999,clientInsert
7998,clientInsert
7997,clientInsert
7996,clientInsert
7995,clientInsert
7994,clientInsert
7993,clientInsert
7992,clientInsert
7991,clientInsert
7990,clientInsert
7989,clientInsert
7988,clientInsert
7987,clientInsert
7986,clientInsert
7985,clientInsert
7984,clientInsert
7983,clientInsert
7982,clientInsert
7981,clientInsert
7980,clientInsert
7979,clientInsert
7978,clientInsert
7977,clientInsert
7976,clientInsert
7975,clientInsert
7974,clientInsert
7973,clientInsert
7972,clientInsert
7971,clientInsert
7970,clientInsert
7969,clientInsert
7968,clientInsert
7967,clientInsert
7966,clientInsert
7965,clientInsert
7964,clientInsert
7963,clientInsert
7962,clientInsert
7961,clientInsert
7960,clientInsert
7959,clientInsert
7958,clientInsert
7957,clientInsert
7956,clientInsert
7955,clientInsert
7954,clientInsert
7953,clientInsert
7952,clientInsert
7951,clientInsert
7950,clientInsert
7949,clientInsert
7948,clientInsert
7947,clientInsert
7946,clientInsert
7945,clientInsert
7944,clientInsert
7943,clientInsert
7942,clientInsert
7941,clientInsert
7940,clientInsert
7939,clientInsert
7938,clientInsert
7937,clientInsert
7936,clientInsert
7935,clientInsert
7934,clientInsert
7933,clientInsert
7932,clientInsert
7931,clientInsert
7930,clientInsert
7929,clientInsert
7928,clientInsert
7927,clientInsert
7926,clientInsert
7925,clientInsert
7924,clientInsert
7923,clientInsert
7922,clientInsert
7921,clientInsert
7920,clientInsert
7919,clientInsert
7918,clientInsert
